Region,Total_Sales,Total_Profit,Profit_Margin_Pct
Central,2822399,311403.98164,11.03
South,1600960,140355.76618,8.77
North,1248192,194597.95252,15.59
Oceania,1100207,120089.112,10.92
Southeast Asia,884438,17852.329,2.02
North Asia,848349,165578.421,19.52
EMEA,806184,43897.971,5.45
Africa,783776,88871.631,11.34
Central Asia,752839,132480.187,17.6
West,725514,108418.4489,14.94
East,678834,91522.78,13.48
Caribbean,324281,34571.32104,10.66
Canada,66932,17817.39,26.62
Region,0.0,0.0,
