Year,Total_Sales,Total_Profit,Total_Orders
2011,2259511,248940.81154,8998
2012,2677493,307415.2791,10962
2013,3405860,406935.23018,13799
2014,4300041,504165.97046,17531
Year,0.0,0.0,1
